PassengerId,Survived,Pclass,Name,Sex,Age,SibSp,Parch,Fare
1,0,3,"Brown, James",male,27.9,0,1,4.0
2,0,3,"Johnson, Николай",male,,3,2,8.87
3,0,3,"Brown, Дмитрий",male,34.5,0,0,18.65
4,0,1,"Williams, Иван",male,16.6,0,0,109.44
5,1,2,"Johnson, Сергей",,38.7,0,0,22.26
6,0,3,"Davis, George",male,24.5,0,0,16.07
7,1,1,"Davis, Наталья",female,37.8,0,0,44.78
8,1,1,"Miller, William",male,38.2,0,0,92.58
9,1,2,"Иванов, William",male,43.0,1,0,22.88
10,1,3,"Brown, Ольга",female,,1,2,13.26
11,0,3,"Davis, John",male,12.8,1,0,11.96
12,0,1,"Williams, Сергей",male,,0,1,128.81
13,1,3,"Williams, James",male,31.0,0,0,10.47
14,1,2,"Miller, Иван",male,,1,0,8.63
15,0,3,"Williams, Николай",male,27.2,2,0,14.38
16,0,3,"Johnson, Алексей",male,,2,2,13.67
17,0,3,"Miller, Margaret",female,,3,0,13.62
18,1,1,"Иванов, John",male,33.9,2,1,88.6
19,1,2,"Иванов, Елена",,,0,0,21.76
20,0,3,"Иванов, John",male,15.2,2,0,5.44
21,1,3,"Brown, Иван",male,29.2,0,2,11.88
22,0,3,"Brown, Мария",female,38.6,0,0,19.71
23,0,2,"Davis, William",male,,0,1,25.0
24,0,2,"Miller, Алексей",male,,0,0,7.18
25,0,3,"Иванов, Grace",female,32.4,3,0,9.88
26,0,1,"Davis, John",male,28.4,0,2,91.98
27,0,3,"Петров, Дмитрий",male,38.2,0,1,8.6
28,1,2,"Smith, Grace",female,34.1,2,1,34.42
29,0,3,"Иванов, Дмитрий",male,7.2,0,0,16.05
30,0,2,"Johnson, Grace",female,50.6,0,0,29.79
31,0,3,"Smith, Margaret",female,38.6,0,0,12.99
32,0,2,"Williams, Елена",female,42.1,0,0,44.77
33,0,2,"Brown, Иван",male,28.0,4,2,34.21
34,0,2,"Williams, Алексей",male,18.8,0,1,37.38
35,0,3,"Brown, Пётр",male,,0,0,11.59
36,0,3,"Иванов, Пётр",male,33.5,0,0,18.19
37,0,2,"Williams, Margaret",female,34.0,1,1,38.45
38,0,2,"Davis, James",male,17.4,0,0,34.04
39,0,2,"Davis, Алексей",male,9.2,2,0,34.89
40,1,2,"Соколов, William",male,26.2,0,2,29.02
41,1,2,"Петров, Алексей",male,26.6,0,0,39.73
42,0,2,"Smith, Алексей",male,25.2,1,0,20.12
43,0,2,"Williams, John",male,15.3,0,0,33.7
44,0,3,"Соколов, John",male,19.6,0,1,7.71
45,0,3,"Соколов, Елена",female,36.6,3,0,13.26
46,0,3,"Miller, Елена",female,23.0,0,0,7.93
47,0,2,"Петров, John",male,,0,0,33.28
48,0,1,"Brown, Николай",male,54.1,0,1,46.69
49,0,1,"Петров, Алексей",male,43.9,0,1,58.48
50,0,3,"Петров, James",male,30.8,1,1,12.54
51,0,1,"Иванов, Пётр",male,23.0,1,1,60.7
52,0,3,"Johnson, William",male,,1,2,15.85
53,1,1,"Кузнецов, Margaret",female,36.0,2,0,77.34
54,0,3,"Williams, James",male,43.1,2,0,13.92
55,0,3,"Петров, Сергей",male,7.3,0,2,12.54
56,0,1,"Miller, Пётр",male,43.9,1,0,131.66
57,1,2,"Williams, George",male,,0,0,33.51
58,0,3,"Brown, Николай",male,,0,0,21.12
59,0,3,"Brown, Иван",male,,0,0,14.43
60,0,3,"Williams, Сергей",male,7.4,0,0,8.82
61,0,2,"Davis, Николай",male,45.1,0,0,26.68
62,0,3,"Johnson, John",male,39.9,0,0,20.99
63,1,3,"Smith, Николай",male,16.9,1,2,17.93
64,0,2,"Кузнецов, James",male,47.4,2,0,35.19
65,0,2,"Петров, James",male,31.8,0,2,24.12
66,0,3,"Smith, William",male,38.6,3,0,7.88
67,0,3,"Brown, John",male,44.2,1,0,11.17
68,0,2,"Smith, Сергей",male,46.7,1,0,44.16
69,0,3,"Соколов, Helen",female,,1,1,20.14
70,1,1,"Brown, Helen",female,35.1,0,0,105.98
71,0,,"Кузнецов, James",male,40.2,0,1,30.64
72,0,2,"Miller, Сергей",male,30.5,0,0,19.44
73,0,3,"Петров, John",male,,0,1,11.51
74,0,,"Smith, Ирина",female,,0,2,13.16
75,0,3,"Williams, Дмитрий",male,,0,1,6.18
76,1,3,"Smith, Helen",female,9.3,0,0,19.58
77,0,2,"Smith, Сергей",male,35.3,0,2,27.87
78,0,3,"Johnson, John",male,,1,0,21.09
79,0,3,"Brown, William",male,6.1,0,0,9.36
80,0,2,"Miller, John",male,23.8,1,0,22.62
81,0,2,"Davis, Алексей",male,11.8,0,0,15.56
82,0,3,"Davis, Николай",male,19.7,0,0,12.12
83,0,3,"Иванов, Ольга",female,0.5,0,0,8.09
84,0,3,"Johnson, John",male,38.7,0,0,8.48
85,0,2,"Johnson, Алексей",male,38.9,0,0,17.27
86,1,3,"Miller, Margaret",female,,0,1,12.95
87,1,3,"Miller, Мария",female,14.0,0,0,11.05
88,0,3,"Петров, Сергей",male,,0,1,4.0
89,0,3,"Johnson, Алексей",,,0,0,13.79
90,0,3,"Williams, James",male,,2,0,9.12
91,1,3,"Иванов, Helen",female,,0,0,15.0
92,1,2,"Brown, Мария",female,29.4,1,0,23.08
93,0,2,"Miller, Иван",male,,2,3,24.74
94,1,3,"Кузнецов, Анна",female,,1,1,9.94
95,0,3,"Петров, Helen",female,28.3,0,0,19.62
96,0,1,"Miller, Пётр",male,47.0,2,0,47.27
97,0,3,"Williams, Дмитрий",male,15.9,1,2,18.9
98,0,1,"Иванов, James",male,46.6,3,0,40.85
99,0,1,"Кузнецов, James",male,56.2,0,0,75.22
100,0,3,"Brown, Николай",male,7.8,0,2,17.14
101,0,2,"Davis, Дмитрий",male,21.5,0,0,25.13
102,0,3,"Williams, William",male,41.8,0,0,13.95
103,0,3,"Johnson, Алексей",male,40.9,2,0,16.13
104,0,2,"Кузнецов, Пётр",male,0.5,1,1,35.04
105,0,3,"Петров, Margaret",female,,0,2,12.49
106,0,1,"Davis, Алексей",male,55.4,0,2,29.57
107,0,2,"Соколов, Пётр",male,48.2,0,0,39.76
108,0,1,"Brown, John",male,29.3,0,0,56.41
109,1,1,"Иванов, William",male,52.3,0,0,23.83
110,0,2,"Петров, Дмитрий",male,23.2,0,0,40.56
111,0,3,"Smith, William",male,,1,2,10.35
112,1,3,"Williams, Ольга",female,36.8,1,1,10.02
113,0,2,"Williams, Alice",female,39.1,2,0,27.01
114,0,3,"Williams, Дмитрий",male,,1,0,15.51
115,0,2,"Miller, Алексей",male,64.2,3,0,32.11
116,0,3,"Johnson, Анна",female,24.3,0,0,11.03
117,0,3,"Brown, William",male,11.2,2,1,11.01
118,0,3,"Johnson, Алексей",male,36.4,0,1,14.15
119,0,3,"Davis, Сергей",male,22.0,0,0,9.31
120,1,1,"Соколов, Helen",female,55.3,0,0,66.15
121,1,1,"Smith, Алексей",male,22.6,0,1,57.81
122,0,3,"Иванов, Алексей",male,41.9,3,0,12.69
123,1,2,"Miller, Елена",female,,4,0,15.57
124,1,3,"Davis, Дмитрий",male,,0,0,9.74
125,1,2,"Smith, Alice",female,12.8,1,2,23.04
126,0,,"Соколов, John",male,44.2,0,1,91.34
127,1,2,"Davis, William",male,,2,3,22.63
128,0,3,"Williams, Дмитрий",male,23.5,0,0,6.67
129,1,3,"Кузнецов, Иван",male,23.4,0,0,15.81
130,1,1,"Соколов, Helen",female,44.3,1,0,97.62
131,1,3,"Davis, Ирина",female,41.6,2,0,14.22
132,1,1,"Smith, George",male,37.1,0,0,68.76
133,1,1,"Williams, Пётр",male,27.6,1,1,37.58
134,0,2,"Davis, James",male,13.1,3,0,23.97
135,1,1,"Smith, Наталья",female,61.0,0,0,105.4
136,0,3,"Кузнецов, Елена",female,,3,3,15.38
137,0,3,"Williams, Ольга",female,31.2,1,0,10.2
138,0,3,"Иванов, Сергей",male,24.1,0,0,13.36
139,0,2,"Соколов, Николай",male,22.2,0,3,24.73
140,1,3,"Кузнецов, Helen",female,,3,0,8.04
141,0,2,"Davis, Николай",male,33.4,2,0,30.47
142,0,1,"Иванов, William",male,54.4,2,0,77.12
143,0,3,"Miller, Сергей",male,,0,0,4.0
144,1,3,"Smith, Дмитрий",male,15.5,0,0,11.61
145,1,2,"Miller, Margaret",female,,0,1,21.33
146,0,2,"Williams, Алексей",male,28.8,0,0,22.01
147,0,3,"Miller, Сергей",male,38.9,1,2,9.13
148,0,3,"Brown, James",male,,0,0,6.71
149,1,2,"Brown, Margaret",female,55.2,0,0,18.45
150,0,1,"Davis, James",male,49.9,0,0,128.1
151,1,2,"Davis, Ольга",female,,0,0,22.85
152,1,2,"Иванов, Алексей",male,36.0,1,1,27.74
153,0,3,"Петров, Иван",male,,2,1,20.6
154,1,1,"Johnson, James",male,,0,1,57.7
155,0,3,"Петров, Дмитрий",male,,1,0,8.99
156,1,2,"Кузнецов, Наталья",female,24.6,2,0,20.33
157,1,3,"Smith, Мария",female,,0,0,7.19
158,1,2,"Соколов, Наталья",female,13.5,0,0,40.61
159,0,2,"Иванов, Николай",male,,0,0,45.16
160,0,1,"Miller, James",male,57.4,0,3,49.74
161,0,2,"Johnson, Дмитрий",male,35.0,0,0,24.58
162,0,3,"Кузнецов, James",male,,0,0,17.2
163,0,2,"Davis, Иван",male,45.7,1,0,34.03
164,1,2,"Brown, Helen",female,10.5,2,0,43.85
165,0,2,"Соколов, Дмитрий",male,12.5,1,1,21.37
166,0,1,"Иванов, Иван",male,41.2,0,0,10.07
167,1,1,"Петров, Анна",female,45.9,3,0,45.38
168,0,2,"Williams, Алексей",male,38.8,2,0,28.03
169,0,3,"Johnson, Алексей",male,47.1,0,0,10.66
170,0,3,"Кузнецов, William",male,23.7,0,0,14.71
171,0,3,"Williams, William",male,24.5,2,1,15.63
172,0,2,"Brown, Сергей",male,40.0,0,2,31.79
173,0,1,"Williams, Helen",female,52.5,1,1,40.76
174,0,1,"Иванов, Helen",female,39.6,0,0,102.32
175,0,1,"Johnson, Grace",,45.8,0,0,72.34
176,0,1,"Johnson, Сергей",male,5.0,3,0,122.52
177,1,3,"Петров, Наталья",female,,0,0,10.16
178,0,3,"Davis, Пётр",male,36.7,0,0,15.09
179,1,1,"Williams, Алексей",male,38.5,1,0,60.61
180,0,3,"Brown, Сергей",male,,0,0,9.92
181,0,2,"Miller, Grace",female,32.8,0,1,32.47
182,0,3,"Соколов, William",male,29.1,0,1,19.36
183,0,2,"Иванов, John",male,21.8,2,2,26.36
184,0,2,"Петров, Елена",female,34.6,0,0,15.3
185,0,3,"Петров, William",male,0.5,0,1,15.19
186,1,1,"Кузнецов, George",male,55.3,0,0,99.48
187,0,3,"Johnson, Иван",male,,0,1,7.14
188,1,3,"Петров, Alice",female,12.6,0,0,13.16
189,0,3,"Петров, George",male,21.8,0,3,9.4
190,0,3,"Williams, George",male,48.4,1,0,12.66
191,1,3,"Johnson, Margaret",female,23.9,3,0,14.6
192,0,3,"Brown, Margaret",female,6.0,1,2,8.97
193,0,3,"Davis, Иван",male,23.9,0,0,7.24
194,1,2,"Кузнецов, Helen",female,27.4,2,2,21.58
195,1,2,"Johnson, George",male,23.2,0,1,25.73
196,0,3,"Johnson, Пётр",male,,1,0,12.85
197,0,3,"Miller, Сергей",male,0.5,1,2,8.24
198,1,3,"Johnson, Ольга",female,13.7,1,0,10.1
199,1,1,"Smith, Grace",female,34.0,0,0,77.75
200,0,2,"Williams, James",male,26.0,0,0,29.84
201,0,3,"Соколов, Пётр",male,24.3,0,0,4.81
202,1,1,"Соколов, Пётр",male,,1,0,75.43
203,1,,"Соколов, Alice",female,30.0,2,0,15.66
204,0,3,"Кузнецов, Иван",male,40.4,0,0,5.9
205,1,1,"Davis, Helen",female,46.1,0,1,64.98
206,0,3,"Williams, Николай",male,17.8,2,2,16.92
207,0,3,"Иванов, Дмитрий",male,,1,2,10.54
208,0,3,"Иванов, Дмитрий",male,44.1,0,3,9.2
209,1,2,"Brown, Иван",male,27.5,0,1,20.37
210,0,3,"Brown, William",male,32.2,2,0,14.13
211,0,3,"Кузнецов, George",male,,2,1,6.85
212,0,1,"Кузнецов, Пётр",male,31.7,1,0,58.47
213,0,2,"Smith, William",male,31.7,4,1,23.99
214,0,2,"Brown, Николай",male,9.5,4,0,26.62
215,0,2,"Williams, Иван",male,29.3,1,1,33.7
216,0,2,"Иванов, William",male,,1,0,26.15
217,0,2,"Иванов, Пётр",male,13.6,4,0,25.1
218,1,2,"Williams, Николай",male,20.7,0,0,42.49
219,1,1,"Smith, Ирина",female,32.0,2,0,119.38
220,0,3,"Brown, Сергей",male,26.6,3,0,17.12
221,0,3,"Brown, George",male,,0,0,19.6
222,1,1,"Miller, Helen",female,57.3,1,0,72.51
223,1,1,"Smith, Margaret",female,34.1,0,2,18.48
224,1,3,"Brown, Пётр",,23.0,0,0,17.57
225,1,2,"Williams, George",male,,2,0,23.82
226,0,3,"Smith, Дмитрий",male,36.9,0,0,9.93
227,0,1,"Brown, Иван",male,28.3,0,0,60.82
228,0,2,"Williams, Дмитрий",male,43.7,4,0,34.34
229,0,,"Williams, Сергей",male,19.5,0,0,11.95
230,0,3,"Петров, Пётр",male,,0,0,4.0
231,1,1,"Smith, Анна",female,52.0,0,0,95.68
232,0,2,"Miller, Margaret",female,23.2,1,2,40.11
233,0,3,"Smith, John",male,24.7,0,0,15.44
234,0,3,"Davis, Елена",female,30.4,2,0,11.87
235,0,3,"Иванов, Alice",female,,2,2,10.64
236,0,3,"Smith, James",male,16.9,0,0,17.35
237,0,3,"Johnson, James",male,44.6,0,0,10.63
238,0,3,"Иванов, Ольга",female,51.8,1,2,10.07
239,1,1,"Williams, Пётр",male,31.9,0,0,21.54
240,0,2,"Williams, Анна",female,28.1,0,0,39.68
241,0,1,"Соколов, Сергей",male,40.8,0,1,77.96
242,0,3,"Петров, Иван",male,,0,0,18.26
243,0,1,"Davis, George",male,29.5,0,0,133.3
244,1,2,"Miller, Алексей",male,,0,0,23.43
245,1,1,"Brown, Дмитрий",male,44.5,0,0,128.42
246,0,3,"Кузнецов, Николай",male,22.3,0,0,9.25
247,1,1,"Davis, Иван",male,45.9,0,1,125.46
248,0,3,"Иванов, William",male,4.9,1,0,13.08
249,0,3,"Петров, Ольга",female,,0,0,16.8
250,1,3,"Brown, John",male,2.7,0,0,4.0
251,1,1,"Кузнецов, Ирина",female,55.0,1,0,78.45
252,0,2,"Williams, George",male,35.1,1,0,21.36
253,0,3,"Иванов, William",male,34.7,1,2,8.09
254,0,1,"Miller, Дмитрий",male,29.2,0,0,56.7
255,0,3,"Johnson, Сергей",male,,2,0,10.24
256,0,3,"Johnson, Дмитрий",male,,0,2,9.88
257,0,3,"Соколов, Николай",male,,0,2,15.68
258,0,2,"Кузнецов, Николай",male,52.5,0,0,30.71
259,0,3,"Соколов, Alice",female,,1,0,12.08
260,1,1,"Davis, Сергей",male,34.1,3,0,81.75
261,0,3,"Davis, Пётр",male,27.8,1,0,17.97
262,0,3,"Иванов, Сергей",male,,1,1,5.74
263,1,1,"Smith, William",male,54.5,1,2,85.01
264,1,2,"Иванов, Наталья",female,15.9,0,0,37.83
265,0,3,"Miller, Дмитрий",male,,0,2,14.87
266,0,1,"Иванов, William",male,35.7,1,0,81.58
267,0,1,"Кузнецов, Сергей",male,,0,1,84.71
268,0,3,"Williams, Дмитрий",male,,1,0,12.66
269,0,3,"Соколов, Сергей",male,12.4,1,0,12.15
270,1,1,"Петров, Елена",female,35.8,1,2,70.66
271,1,2,"Соколов, Ирина",female,13.5,0,0,30.91
272,0,3,"Соколов, Ирина",female,,1,0,10.08
273,0,2,"Davis, Алексей",male,32.9,0,0,35.13
274,0,2,"Иванов, George",male,39.7,0,0,23.08
275,0,3,"Соколов, Алексей",male,38.8,0,0,4.71
276,1,3,"Johnson, Grace",female,37.6,2,0,15.08
277,0,3,"Smith, John",male,31.2,1,0,5.54
278,1,1,"Иванов, Пётр",male,,0,2,80.19
279,1,1,"Соколов, Николай",male,39.6,1,1,52.42
280,0,3,"Johnson, Alice",female,27.1,0,0,11.19
281,0,2,"Соколов, Иван",male,,3,0,19.47
282,1,1,"Johnson, Margaret",female,36.8,1,2,91.92
283,0,2,"Петров, Иван",male,15.5,0,0,15.57
284,0,2,"Кузнецов, Margaret",female,26.3,1,1,37.75
285,0,3,"Davis, James",male,22.0,1,0,15.25
286,1,1,"Johnson, Алексей",male,31.6,0,0,58.41
287,1,1,"Петров, Ольга",female,,0,3,95.22
288,1,1,"Smith, Helen",female,42.8,1,0,38.16
289,1,3,"Miller, Ирина",female,24.0,4,0,15.33
290,1,1,"Brown, James",male,16.3,0,0,102.25
291,0,1,"Johnson, Пётр",male,38.8,0,0,45.29
292,0,1,"Johnson, Николай",male,49.7,0,3,116.13
293,0,3,"Smith, John",male,,0,1,18.83
294,0,3,"Johnson, James",male,21.4,0,0,7.94
295,1,3,"Miller, Margaret",female,15.8,0,1,12.7
296,0,2,"Brown, George",male,14.3,2,0,20.1
297,0,3,"Brown, Сергей",male,15.3,2,1,11.14
298,1,1,"Иванов, Наталья",female,53.2,0,1,78.15
299,1,3,"Davis, Margaret",female,,0,0,4.0
300,1,2,"Johnson, John",male,20.8,1,0,24.94
301,0,3,"Smith, Иван",male,41.9,1,3,10.89
302,0,3,"Кузнецов, Иван",male,,0,2,10.22
303,1,3,"Smith, Наталья",female,,0,0,6.57
304,0,2,"Петров, William",male,11.7,1,2,11.8
305,0,3,"Brown, William",male,12.0,0,2,14.65
306,0,3,"Brown, Дмитрий",male,32.6,1,0,10.74
307,1,1,"Петров, Пётр",male,72.4,0,2,102.25
308,0,3,"Williams, Alice",female,42.1,0,0,10.49
309,0,2,"Соколов, Ольга",female,21.8,0,2,25.39
310,1,3,"Петров, John",male,35.8,1,2,9.34
311,0,3,"Williams, Мария",female,,3,1,6.44
312,1,1,"Петров, Дмитрий",male,52.6,4,0,67.1
313,0,2,"Brown, Пётр",male,18.6,0,0,18.66
314,1,3,"Davis, Елена",female,17.8,2,2,8.17
315,1,1,"Brown, James",male,26.2,0,0,34.23
316,0,3,"Brown, Иван",male,,0,0,15.24
317,1,2,"Иванов, Иван",male,38.1,2,0,40.97
318,0,2,"Williams, John",male,33.4,1,0,28.02
319,1,3,"Smith, Ольга",female,,0,0,13.25
320,0,3,"Johnson, Иван",male,26.5,0,1,11.53
321,1,2,"Соколов, Мария",female,42.9,3,0,9.76
322,1,3,"Brown, Николай",male,34.8,1,0,13.43
323,0,3,"Brown, John",male,18.8,0,0,15.75
324,0,3,"Williams, John",male,14.5,1,1,14.71
325,0,2,"Петров, Дмитрий",male,32.9,0,0,28.34
326,0,3,"Smith, George",male,,0,0,12.93
327,1,3,"Кузнецов, William",male,35.5,0,0,13.95
328,1,1,"Williams, Helen",female,40.4,0,0,89.63
329,1,2,"Петров, Анна",female,39.9,0,1,17.84
330,1,1,"Соколов, Елена",female,35.1,0,1,32.81
331,0,3,"Brown, Сергей",male,16.0,0,0,12.29
332,0,1,"Smith, Сергей",male,44.6,0,0,35.73
333,0,3,"Smith, William",male,12.6,2,0,4.97
334,0,3,"Соколов, Анна",female,23.5,0,0,9.87
335,0,3,"Johnson, Пётр",male,48.2,0,2,6.16
336,0,3,"Miller, Пётр",male,11.8,1,0,9.95
337,0,3,"Иванов, William",male,32.8,0,0,6.88
338,1,3,"Smith, Мария",female,29.5,1,2,13.85
339,1,1,"Соколов, William",,25.3,2,0,60.92
340,0,,"Johnson, Иван",male,2.6,0,0,22.38
341,0,3,"Miller, Margaret",female,,1,0,16.35
342,0,1,"Miller, Елена",female,9.9,2,0,69.0
343,0,3,"Петров, Николай",male,31.6,1,0,12.76
344,1,1,"Williams, Пётр",male,34.7,2,0,52.83
345,0,3,"Davis, Иван",male,,1,3,6.03
346,1,1,"Иванов, Ирина",female,34.2,2,2,129.33
347,0,3,"Smith, Иван",male,,0,0,11.87
348,1,3,"Иванов, Наталья",female,,1,1,14.74
349,0,3,"Miller, Анна",female,16.5,1,1,18.02
350,1,2,"Williams, Margaret",female,16.1,0,0,35.05
351,1,1,"Miller, Николай",male,40.8,0,0,96.03
352,1,3,"Петров, Alice",female,6.9,2,0,13.29
353,1,1,"Brown, John",male,38.5,0,1,55.07
354,0,1,"Кузнецов, Дмитрий",male,,3,0,77.15
355,0,2,"Соколов, Ирина",female,32.8,0,0,9.14
356,1,3,"Иванов, Анна",female,,1,3,4.81
357,0,3,"Иванов, Иван",male,29.1,0,0,18.57
358,1,1,"Williams, Дмитрий",male,35.2,0,0,93.72
359,0,3,"Brown, George",male,22.7,1,0,14.09
360,1,2,"Петров, Grace",female,52.3,0,0,30.28
361,0,1,"Smith, William",male,29.6,0,2,118.46
362,0,3,"Кузнецов, George",male,,0,0,14.2
363,0,1,"Miller, Иван",male,25.7,2,1,63.64
364,0,3,"Иванов, Алексей",male,,0,0,15.78
365,0,2,"Johnson, Дмитрий",male,,2,0,13.01
366,0,3,"Smith, John",male,38.0,3,2,12.27
367,1,1,"Davis, Елена",female,33.2,0,0,34.64
368,0,3,"Davis, John",male,,2,2,16.31
369,0,2,"Кузнецов, Николай",male,19.6,0,0,26.73
370,1,2,"Кузнецов, James",male,12.0,1,2,53.52
371,0,3,"Кузнецов, Алексей",male,12.9,0,0,9.17
372,0,2,"Miller, Наталья",female,19.2,3,0,27.15
373,0,3,"Johnson, Николай",male,28.6,0,0,20.75
374,0,1,"Johnson, George",male,39.2,0,1,80.5
375,0,3,"Miller, Мария",female,,0,0,10.46
376,1,3,"Smith, Helen",female,19.3,0,0,11.65
377,0,3,"Иванов, Николай",male,13.8,0,0,11.37
378,1,1,"Brown, Наталья",female,49.7,0,0,126.26
379,0,3,"Соколов, Grace",female,,0,0,10.7
380,0,3,"Соколов, Николай",male,16.0,1,0,19.11
381,0,3,"Miller, Дмитрий",male,39.7,0,1,13.84
382,1,1,"Davis, Мария",female,42.4,1,1,73.39
383,1,2,"Miller, John",male,13.5,1,0,30.86
384,0,1,"Иванов, Сергей",male,33.4,4,0,106.65
385,0,3,"Williams, Николай",male,41.7,0,1,9.07
386,0,3,"Петров, Иван",male,21.9,0,0,18.16
387,1,3,"Williams, Alice",female,,0,1,13.74
388,1,2,"Miller, Пётр",male,25.0,1,2,7.32
389,0,1,"Smith, Сергей",male,49.4,0,0,49.73
390,0,3,"Johnson, Иван",male,35.4,0,1,20.26
391,0,3,"Miller, John",male,28.9,0,0,11.8
392,1,3,"Иванов, Елена",female,33.8,1,2,11.94
393,1,2,"Соколов, John",male,,1,0,43.24
394,0,3,"Williams, Grace",female,,1,2,13.57
395,0,3,"Davis, James",male,,1,2,14.48
396,0,2,"Иванов, Алексей",male,18.9,0,2,31.85
397,0,2,"Johnson, John",male,,0,2,27.24
398,0,2,"Иванов, John",male,21.2,0,0,31.74
399,1,2,"Кузнецов, Пётр",male,23.4,1,0,35.39
400,0,1,"Smith, Иван",male,43.8,0,0,90.64
